{"cameraMode":{"drawMode":0,"name":"Shaded","section":"Shading Mode"},"sceneLighting":true,"audioPlay":false,"sceneViewState":{"m_AlwaysRefresh":false,"showFog":true,"showSkybox":true,"showFlares":true,"showImageEffects":true,"showParticleSystems":true,"showVisualEffectGraphs":true,"m_FxEnabled":true},"in2DMode":false,"pivot":{"x":-2.697120428085327,"y":60.36623001098633,"z":-14.407547950744629},"rotation":{"x":0.020260892808437349,"y":0.9584363698959351,"z":-0.07833711802959442,"w":0.27396541833877566},"size":0.8660253882408142,"orthographic":false}