{"cameraMode":{"drawMode":0,"name":"Shaded","section":"Shading Mode"},"sceneLighting":true,"audioPlay":false,"sceneViewState":{"m_AlwaysRefresh":false,"showFog":true,"showSkybox":true,"showFlares":true,"showImageEffects":true,"showParticleSystems":true,"showVisualEffectGraphs":true,"m_FxEnabled":true},"in2DMode":false,"pivot":{"x":26.837257385253908,"y":101.86207580566406,"z":-32.561180114746097},"rotation":{"x":-0.008830812759697438,"y":0.9011789560317993,"z":-0.4329873323440552,"w":-0.018375981599092485},"size":9.429518699645996,"orthographic":false}