{"cameraMode":{"drawMode":0,"name":"Shaded","section":"Shading Mode"},"sceneLighting":true,"audioPlay":false,"sceneViewState":{"m_AlwaysRefresh":false,"showFog":true,"showSkybox":true,"showFlares":true,"showImageEffects":true,"showParticleSystems":true,"showVisualEffectGraphs":true,"m_FxEnabled":true},"in2DMode":false,"pivot":{"x":54.741790771484378,"y":158.49899291992188,"z":20.981494903564454},"rotation":{"x":0.47847744822502139,"y":-0.5140514969825745,"z":0.4319388270378113,"w":0.5659689903259277},"size":1.6400212049484254,"orthographic":false}