{"cameraMode":{"drawMode":0,"name":"Shaded","section":"Shading Mode"},"sceneLighting":true,"audioPlay":false,"sceneViewState":{"m_AlwaysRefresh":false,"showFog":true,"showSkybox":true,"showFlares":true,"showImageEffects":true,"showParticleSystems":true,"showVisualEffectGraphs":true,"m_FxEnabled":true},"in2DMode":false,"pivot":{"x":57.60515213012695,"y":86.32279205322266,"z":-6.24016809463501},"rotation":{"x":0.2099142223596573,"y":0.00894184410572052,"z":-0.0021245544776320459,"w":0.9777161478996277},"size":0.8660253882408142,"orthographic":false}